<?xml version="1.0" encoding="UTF-8" standalone="no"?>
<graphml xmlns="http://graphml.graphdrawing.org/xmlns" xmlns:java="http://www.yworks.com/xml/yfiles-common/1.0/java" xmlns:sys="http://www.yworks.com/xml/yfiles-common/markup/primitives/2.0" xmlns:x="http://www.yworks.com/xml/yfiles-common/markup/2.0" xmlns:xsi="http://www.w3.org/2001/XMLSchema-instance" xmlns:y="http://www.yworks.com/xml/graphml" xmlns:yed="http://www.yworks.com/xml/yed/3" xsi:schemaLocation="http://graphml.graphdrawing.org/xmlns http://www.yworks.com/xml/schema/graphml/1.1/ygraphml.xsd">
  <!--Created by yEd 3.17.1-->
  <key attr.name="Description" attr.type="string" for="graph" id="d0"/>
  <key for="port" id="d1" yfiles.type="portgraphics"/>
  <key for="port" id="d2" yfiles.type="portgeometry"/>
  <key for="port" id="d3" yfiles.type="portuserdata"/>
  <key attr.name="url" attr.type="string" for="node" id="d4"/>
  <key attr.name="description" attr.type="string" for="node" id="d5"/>
  <key for="node" id="d6" yfiles.type="nodegraphics"/>
  <key for="graphml" id="d7" yfiles.type="resources"/>
  <key attr.name="url" attr.type="string" for="edge" id="d8"/>
  <key attr.name="description" attr.type="string" for="edge" id="d9"/>
  <key for="edge" id="d10" yfiles.type="edgegraphics"/>
  <graph edgedefault="directed" id="G">
    <data key="d0"/>
    <node id="n0">
      <data key="d5"/>
      <data key="d6">
        <y:ShapeNode>
          <y:Geometry height="49.0" width="49.0" x="366.0" y="110.0"/>
          <y:Fill hasColor="false" transparent="false"/>
          <y:BorderStyle color="#000000" raised="false" type="line" width="1.0"/>
          <y:NodeLabel alignment="center" autoSizePolicy="content" fontFamily="Dialog" fontSize="12" fontStyle="plain" hasBackgroundColor="false" hasLineColor="false" height="18.701171875" horizontalTextPosition="center" iconTextGap="4" modelName="custom" textColor="#000000" verticalTextPosition="bottom" visible="true" width="32.013671875" x="8.4931640625" y="15.1494140625">Inicio<y:LabelModel>
              <y:SmartNodeLabelModel distance="4.0"/>
            </y:LabelModel>
            <y:ModelParameter>
              <y:SmartNodeLabelModelParameter labelRatioX="0.0" labelRatioY="0.0" nodeRatioX="0.0" nodeRatioY="0.0" offsetX="0.0" offsetY="0.0" upX="0.0" upY="-1.0"/>
            </y:ModelParameter>
          </y:NodeLabel>
          <y:Shape type="ellipse"/>
        </y:ShapeNode>
      </data>
    </node>
    <node id="n1">
      <data key="d5"/>
      <data key="d6">
        <y:ShapeNode>
          <y:Geometry height="49.0" width="49.0" x="514.0" y="217.0"/>
          <y:Fill hasColor="false" transparent="false"/>
          <y:BorderStyle color="#000000" raised="false" type="line" width="1.0"/>
          <y:NodeLabel alignment="center" autoSizePolicy="content" fontFamily="Dialog" fontSize="12" fontStyle="plain" hasBackgroundColor="false" hasLineColor="false" height="18.701171875" horizontalTextPosition="center" iconTextGap="4" modelName="custom" textColor="#000000" verticalTextPosition="bottom" visible="true" width="76.03515625" x="-13.517578125" y="15.1494140625">Wait_Resp_1<y:LabelModel>
              <y:SmartNodeLabelModel distance="4.0"/>
            </y:LabelModel>
            <y:ModelParameter>
              <y:SmartNodeLabelModelParameter labelRatioX="0.0" labelRatioY="0.0" nodeRatioX="0.0" nodeRatioY="0.0" offsetX="0.0" offsetY="0.0" upX="0.0" upY="-1.0"/>
            </y:ModelParameter>
          </y:NodeLabel>
          <y:Shape type="ellipse"/>
        </y:ShapeNode>
      </data>
    </node>
    <node id="n2">
      <data key="d5"/>
      <data key="d6">
        <y:ShapeNode>
          <y:Geometry height="49.0" width="49.0" x="366.0" y="329.0"/>
          <y:Fill hasColor="false" transparent="false"/>
          <y:BorderStyle color="#000000" raised="false" type="line" width="1.0"/>
          <y:NodeLabel alignment="center" autoSizePolicy="content" fontFamily="Dialog" fontSize="12" fontStyle="plain" hasBackgroundColor="false" hasLineColor="false" height="33.40234375" horizontalTextPosition="center" iconTextGap="4" modelName="custom" textColor="#000000" verticalTextPosition="bottom" visible="true" width="52.69140625" x="-1.845703125" y="7.798828125">Decode
message<y:LabelModel>
              <y:SmartNodeLabelModel distance="4.0"/>
            </y:LabelModel>
            <y:ModelParameter>
              <y:SmartNodeLabelModelParameter labelRatioX="0.0" labelRatioY="0.0" nodeRatioX="0.0" nodeRatioY="0.0" offsetX="0.0" offsetY="0.0" upX="0.0" upY="-1.0"/>
            </y:ModelParameter>
          </y:NodeLabel>
          <y:Shape type="ellipse"/>
        </y:ShapeNode>
      </data>
    </node>
    <node id="n3">
      <data key="d5"/>
      <data key="d6">
        <y:ShapeNode>
          <y:Geometry height="49.0" width="49.0" x="245.0" y="217.0"/>
          <y:Fill hasColor="false" transparent="false"/>
          <y:BorderStyle color="#000000" raised="false" type="line" width="1.0"/>
          <y:NodeLabel alignment="center" autoSizePolicy="content" fontFamily="Dialog" fontSize="12" fontStyle="plain" hasBackgroundColor="false" hasLineColor="false" height="18.701171875" horizontalTextPosition="center" iconTextGap="4" modelName="custom" textColor="#000000" verticalTextPosition="bottom" visible="true" width="48.015625" x="0.4921875" y="15.1494140625">Set time<y:LabelModel>
              <y:SmartNodeLabelModel distance="4.0"/>
            </y:LabelModel>
            <y:ModelParameter>
              <y:SmartNodeLabelModelParameter labelRatioX="0.0" labelRatioY="0.0" nodeRatioX="0.0" nodeRatioY="0.0" offsetX="0.0" offsetY="0.0" upX="0.0" upY="-1.0"/>
            </y:ModelParameter>
          </y:NodeLabel>
          <y:Shape type="ellipse"/>
        </y:ShapeNode>
      </data>
    </node>
    <edge id="e0" source="n0" target="n1">
      <data key="d9"/>
      <data key="d10">
        <y:ArcEdge>
          <y:Path sx="0.0" sy="0.0" tx="0.0" ty="0.0">
            <y:Point x="501.830322265625" y="136.36550903320312"/>
          </y:Path>
          <y:LineStyle color="#000000" type="line" width="1.0"/>
          <y:Arrows source="none" target="standard"/>
          <y:EdgeLabel alignment="center" configuration="AutoFlippingLabel" distance="2.0" fontFamily="Dialog" fontSize="12" fontStyle="plain" hasBackgroundColor="false" hasLineColor="false" height="18.701171875" horizontalTextPosition="center" iconTextGap="4" modelName="custom" preferredPlacement="anywhere" ratio="0.5" textColor="#000000" verticalTextPosition="bottom" visible="true" width="92.7109375" x="76.93114484899604" y="9.904555933512654">SendNTPPacket<y:LabelModel>
              <y:SmartEdgeLabelModel autoRotationEnabled="false" defaultAngle="0.0" defaultDistance="10.0"/>
            </y:LabelModel>
            <y:ModelParameter>
              <y:SmartEdgeLabelModelParameter angle="0.0" distance="30.0" distanceToCenter="true" position="left" ratio="0.2704784726741556" segment="-1"/>
            </y:ModelParameter>
            <y:PreferredPlacementDescriptor angle="0.0" angleOffsetOnRightSide="0" angleReference="absolute" angleRotationOnRightSide="co" distance="-1.0" frozen="true" placement="anywhere" side="anywhere" sideReference="relative_to_edge_flow"/>
          </y:EdgeLabel>
          <y:Arc height="63.715572357177734" ratio="1.395526647567749" type="fixedRatio"/>
        </y:ArcEdge>
      </data>
    </edge>
    <edge id="e1" source="n1" target="n1">
      <data key="d9"/>
      <data key="d10">
        <y:ArcEdge>
          <y:Path sx="0.0" sy="0.0" tx="0.0" ty="0.0">
            <y:Point x="538.5" y="241.5"/>
          </y:Path>
          <y:LineStyle color="#000000" type="line" width="1.0"/>
          <y:Arrows source="none" target="standard"/>
          <y:Arc height="0.0" ratio="1.0" type="fixedRatio"/>
        </y:ArcEdge>
      </data>
    </edge>
    <edge id="e2" source="n1" target="n1">
      <data key="d9"/>
      <data key="d10">
        <y:ArcEdge>
          <y:Path sx="0.0" sy="0.0" tx="0.0" ty="0.0">
            <y:Point x="538.5" y="241.5"/>
          </y:Path>
          <y:LineStyle color="#000000" type="line" width="1.0"/>
          <y:Arrows source="none" target="standard"/>
          <y:Arc height="0.0" ratio="1.0" type="fixedRatio"/>
        </y:ArcEdge>
      </data>
    </edge>
    <edge id="e3" source="n1" target="n1">
      <data key="d9"/>
      <data key="d10">
        <y:PolyLineEdge>
          <y:Path sx="0.0" sy="0.0" tx="0.0" ty="0.0">
            <y:Point x="590.0" y="241.5"/>
          </y:Path>
          <y:LineStyle color="#000000" type="line" width="1.0"/>
          <y:Arrows source="none" target="standard"/>
          <y:EdgeLabel alignment="center" configuration="AutoFlippingLabel" distance="2.0" fontFamily="Dialog" fontSize="12" fontStyle="plain" hasBackgroundColor="false" hasLineColor="false" height="18.701171875" horizontalTextPosition="center" iconTextGap="4" modelName="custom" preferredPlacement="anywhere" ratio="0.5" textColor="#000000" verticalTextPosition="bottom" visible="true" width="76.029296875" x="45.07489013671875" y="-31.86981201171875">Max 1500 ms<y:LabelModel>
              <y:SmartEdgeLabelModel autoRotationEnabled="false" defaultAngle="0.0" defaultDistance="10.0"/>
            </y:LabelModel>
            <y:ModelParameter>
              <y:SmartEdgeLabelModelParameter angle="6.283185307179586" distance="1.0" distanceToCenter="true" position="right" ratio="-43.25" segment="-1"/>
            </y:ModelParameter>
            <y:PreferredPlacementDescriptor angle="0.0" angleOffsetOnRightSide="0" angleReference="absolute" angleRotationOnRightSide="co" distance="-1.0" frozen="true" placement="anywhere" side="anywhere" sideReference="relative_to_edge_flow"/>
          </y:EdgeLabel>
          <y:BendStyle smoothed="false"/>
        </y:PolyLineEdge>
      </data>
    </edge>
    <edge id="e4" source="n1" target="n0">
      <data key="d9"/>
      <data key="d10">
        <y:ArcEdge>
          <y:Path sx="0.0" sy="0.0" tx="0.0" ty="0.0">
            <y:Point x="437.75" y="225.0"/>
          </y:Path>
          <y:LineStyle color="#000000" type="line" width="1.0"/>
          <y:Arrows source="none" target="standard"/>
          <y:EdgeLabel alignment="center" configuration="AutoFlippingLabel" distance="2.0" fontFamily="Dialog" fontSize="12" fontStyle="plain" hasBackgroundColor="false" hasLineColor="false" height="18.701171875" horizontalTextPosition="center" iconTextGap="4" modelName="custom" preferredPlacement="anywhere" ratio="0.5" textColor="#000000" verticalTextPosition="bottom" visible="true" width="76.708984375" x="-95.07184667661613" y="-55.51606615266746">No Response<y:LabelModel>
              <y:SmartEdgeLabelModel autoRotationEnabled="false" defaultAngle="0.0" defaultDistance="10.0"/>
            </y:LabelModel>
            <y:ModelParameter>
              <y:SmartEdgeLabelModelParameter angle="0.0" distance="30.0" distanceToCenter="true" position="right" ratio="0.6117298540788532" segment="0"/>
            </y:ModelParameter>
            <y:PreferredPlacementDescriptor angle="0.0" angleOffsetOnRightSide="0" angleReference="absolute" angleRotationOnRightSide="co" distance="-1.0" frozen="true" placement="anywhere" side="anywhere" sideReference="relative_to_edge_flow"/>
          </y:EdgeLabel>
          <y:Arc height="45.65700912475586" ratio="1.0" type="fixedRatio"/>
        </y:ArcEdge>
      </data>
    </edge>
    <edge id="e5" source="n2" target="n2">
      <data key="d9"/>
      <data key="d10">
        <y:ArcEdge>
          <y:Path sx="0.0" sy="0.0" tx="0.0" ty="0.0">
            <y:Point x="390.5" y="353.5"/>
          </y:Path>
          <y:LineStyle color="#000000" type="line" width="1.0"/>
          <y:Arrows source="none" target="standard"/>
          <y:Arc height="0.0" ratio="1.0" type="fixedRatio"/>
        </y:ArcEdge>
      </data>
    </edge>
    <edge id="e6" source="n2" target="n2">
      <data key="d9"/>
      <data key="d10">
        <y:ArcEdge>
          <y:Path sx="0.0" sy="0.0" tx="0.0" ty="0.0">
            <y:Point x="390.5" y="353.5"/>
          </y:Path>
          <y:LineStyle color="#000000" type="line" width="1.0"/>
          <y:Arrows source="none" target="standard"/>
          <y:Arc height="0.0" ratio="1.0" type="fixedRatio"/>
        </y:ArcEdge>
      </data>
    </edge>
    <edge id="e7" source="n1" target="n2">
      <data key="d9"/>
      <data key="d10">
        <y:ArcEdge>
          <y:Path sx="0.0" sy="0.0" tx="0.0" ty="0.0">
            <y:Point x="492.5" y="334.5"/>
          </y:Path>
          <y:LineStyle color="#000000" type="line" width="1.0"/>
          <y:Arrows source="none" target="standard"/>
          <y:EdgeLabel alignment="center" configuration="AutoFlippingLabel" distance="2.0" fontFamily="Dialog" fontSize="12" fontStyle="plain" hasBackgroundColor="false" hasLineColor="false" height="18.701171875" horizontalTextPosition="center" iconTextGap="4" modelName="custom" preferredPlacement="anywhere" ratio="0.5" textColor="#000000" verticalTextPosition="bottom" visible="true" width="76.041015625" x="-52.390000231711156" y="72.91466980989031">Got response<y:LabelModel>
              <y:SmartEdgeLabelModel autoRotationEnabled="false" defaultAngle="0.0" defaultDistance="10.0"/>
            </y:LabelModel>
            <y:ModelParameter>
              <y:SmartEdgeLabelModelParameter angle="0.0" distance="30.0" distanceToCenter="true" position="left" ratio="1.0" segment="0"/>
            </y:ModelParameter>
            <y:PreferredPlacementDescriptor angle="0.0" angleOffsetOnRightSide="0" angleReference="absolute" angleRotationOnRightSide="co" distance="-1.0" frozen="true" placement="anywhere" side="anywhere" sideReference="relative_to_edge_flow"/>
          </y:EdgeLabel>
          <y:Arc height="46.40043258666992" ratio="1.0" type="fixedRatio"/>
        </y:ArcEdge>
      </data>
    </edge>
    <edge id="e8" source="n3" target="n3">
      <data key="d9"/>
      <data key="d10">
        <y:ArcEdge>
          <y:Path sx="0.0" sy="0.0" tx="0.0" ty="0.0">
            <y:Point x="269.5" y="241.5"/>
          </y:Path>
          <y:LineStyle color="#000000" type="line" width="1.0"/>
          <y:Arrows source="none" target="standard"/>
          <y:Arc height="0.0" ratio="1.0" type="fixedRatio"/>
        </y:ArcEdge>
      </data>
    </edge>
    <edge id="e9" source="n3" target="n3">
      <data key="d9"/>
      <data key="d10">
        <y:ArcEdge>
          <y:Path sx="0.0" sy="0.0" tx="0.0" ty="0.0">
            <y:Point x="269.5" y="241.5"/>
          </y:Path>
          <y:LineStyle color="#000000" type="line" width="1.0"/>
          <y:Arrows source="none" target="standard"/>
          <y:Arc height="0.0" ratio="1.0" type="fixedRatio"/>
        </y:ArcEdge>
      </data>
    </edge>
    <edge id="e10" source="n2" target="n3">
      <data key="d9"/>
      <data key="d10">
        <y:ArcEdge>
          <y:Path sx="0.0" sy="0.0" tx="0.0" ty="0.0">
            <y:Point x="302.0" y="327.75"/>
          </y:Path>
          <y:LineStyle color="#000000" type="line" width="1.0"/>
          <y:Arrows source="none" target="standard"/>
          <y:EdgeLabel alignment="center" configuration="AutoFlippingLabel" distance="2.0" fontFamily="Dialog" fontSize="12" fontStyle="plain" hasBackgroundColor="false" hasLineColor="false" height="18.701171875" horizontalTextPosition="center" iconTextGap="4" modelName="custom" preferredPlacement="anywhere" ratio="0.5" textColor="#000000" verticalTextPosition="bottom" visible="true" width="66.033203125" x="-72.6449338235796" y="-58.565744235743125">Decode OK<y:LabelModel>
              <y:SmartEdgeLabelModel autoRotationEnabled="false" defaultAngle="0.0" defaultDistance="10.0"/>
            </y:LabelModel>
            <y:ModelParameter>
              <y:SmartEdgeLabelModelParameter angle="0.0" distance="30.0" distanceToCenter="true" position="right" ratio="0.5" segment="0"/>
            </y:ModelParameter>
            <y:PreferredPlacementDescriptor angle="0.0" angleOffsetOnRightSide="0" angleReference="absolute" angleRotationOnRightSide="co" distance="-1.0" frozen="true" placement="anywhere" side="anywhere" sideReference="relative_to_edge_flow"/>
          </y:EdgeLabel>
          <y:Arc height="41.21968460083008" ratio="1.0" type="fixedRatio"/>
        </y:ArcEdge>
      </data>
    </edge>
    <edge id="e11" source="n2" target="n0">
      <data key="d9"/>
      <data key="d10">
        <y:ArcEdge>
          <y:Path sx="0.0" sy="0.0" tx="0.0" ty="0.0">
            <y:Point x="368.75" y="244.0"/>
          </y:Path>
          <y:LineStyle color="#000000" type="line" width="1.0"/>
          <y:Arrows source="none" target="standard"/>
          <y:EdgeLabel alignment="center" configuration="AutoFlippingLabel" distance="2.0" fontFamily="Dialog" fontSize="12" fontStyle="plain" hasBackgroundColor="false" hasLineColor="false" height="33.40234375" horizontalTextPosition="center" iconTextGap="4" modelName="custom" preferredPlacement="anywhere" ratio="0.5" textColor="#000000" verticalTextPosition="bottom" visible="true" width="45.361328125" x="-0.09436246689517702" y="-74.33233357045361">Decode
error<y:LabelModel>
              <y:SmartEdgeLabelModel autoRotationEnabled="false" defaultAngle="0.0" defaultDistance="10.0"/>
            </y:LabelModel>
            <y:ModelParameter>
              <y:SmartEdgeLabelModelParameter angle="0.0" distance="30.0" distanceToCenter="true" position="right" ratio="0.5" segment="0"/>
            </y:ModelParameter>
            <y:PreferredPlacementDescriptor angle="0.0" angleOffsetOnRightSide="0" angleReference="absolute" angleRotationOnRightSide="co" distance="-1.0" frozen="true" placement="anywhere" side="anywhere" sideReference="relative_to_edge_flow"/>
          </y:EdgeLabel>
          <y:Arc height="21.75" ratio="0.39726027846336365" type="fixedRatio"/>
        </y:ArcEdge>
      </data>
    </edge>
  </graph>
  <data key="d7">
    <y:Resources/>
  </data>
</graphml>
